{
    "key": "group_606da0a2c9613",
    "title": "Inner page Header",
    "fields": [
        {
            "key": "field_606da0bc51e90",
            "label": "Background color",
            "name": "background_color",
            "type": "color_picker",
            "instructions": "",
            "required": 0,
            "conditional_logic": 0,
            "wrapper": {
                "width": "",
                "class": "",
                "id": ""
            },
            "default_value": "#000000"
        },
        {
            "key": "field_606da4a53d4cc",
            "label": "Heading color",
            "name": "heading_color",
            "type": "color_picker",
            "instructions": "",
            "required": 0,
            "conditional_logic": 0,
            "wrapper": {
                "width": "",
                "class": "",
                "id": ""
            },
            "default_value": "#000000"
        },
        {
            "key": "field_606da4bf3d4cd",
            "label": "Breadcrumb color",
            "name": "breadcrumb_color",
            "type": "color_picker",
            "instructions": "",
            "required": 0,
            "conditional_logic": 0,
            "wrapper": {
                "width": "",
                "class": "",
                "id": ""
            },
            "default_value": "#000000"
        },
        {
            "key": "field_606daaf429ae3",
            "label": "Padding",
            "name": "padding",
            "type": "range",
            "instructions": "",
            "required": 0,
            "conditional_logic": 0,
            "wrapper": {
                "width": "",
                "class": "",
                "id": ""
            },
            "default_value": 180,
            "min": 100,
            "max": 300,
            "step": 10,
            "prepend": "",
            "append": ""
        },
        {
            "key": "field_6077f0e594bdf",
            "label": "Common banner",
            "name": "common_banner",
            "type": "image",
            "instructions": "",
            "required": 0,
            "conditional_logic": 0,
            "wrapper": {
                "width": "",
                "class": "",
                "id": ""
            },
            "return_format": "array",
            "preview_size": "full",
            "library": "all",
            "min_width": "",
            "min_height": "",
            "min_size": "",
            "max_width": "",
            "max_height": "",
            "max_size": "",
            "mime_types": ""
        },
        {
            "key": "field_6078097e5342d",
            "label": "Opacity",
            "name": "opacity",
            "type": "range",
            "instructions": "",
            "required": 0,
            "conditional_logic": 0,
            "wrapper": {
                "width": "",
                "class": "",
                "id": ""
            },
            "default_value": 5,
            "min": 1,
            "max": 9,
            "step": "",
            "prepend": "",
            "append": ""
        }
    ],
    "location": [
        [
            {
                "param": "block",
                "operator": "==",
                "value": "acf\/inner-page-header"
            }
        ]
    ],
    "menu_order": 0,
    "position": "normal",
    "style": "default",
    "label_placement": "top",
    "instruction_placement": "label",
    "hide_on_screen": "",
    "active": true,
    "description": "",
    "modified": 1618479890
}